{"is_source_file": false, "format": "", "description": "", "external_files": [], "external_methods": [], "published": [], "classes": [], "methods": [], "calls": [], "search-terms": [], "state": 2, "file_id": 7, "knowledge_revision": 16, "git_revision": "822b6c6ae20d36277b0bf103477352c81cb7bf35", "hash": "6c2104b8d219ed99234ae2d6329f4357", "format-version": 4, "code-base-name": "quiz_app_frontend", "filename": "quiz_app_frontend/src/index.css", "revision_history": [{"16": "822b6c6ae20d36277b0bf103477352c81cb7bf35"}]}