{"is_source_file": false, "format": "", "description": "", "external_files": [], "external_methods": [], "published": [], "classes": [], "methods": [], "calls": [], "search-terms": [], "state": 2, "file_id": 4, "knowledge_revision": 17, "git_revision": "822b6c6ae20d36277b0bf103477352c81cb7bf35", "hash": "d001d53c059625c4bcf75bf5a7f3fcf0", "format-version": 4, "code-base-name": "quiz_app_frontend", "filename": "quiz_app_frontend/package.json", "revision_history": [{"17": "822b6c6ae20d36277b0bf103477352c81cb7bf35"}]}