{"is_source_file": false, "format": "", "description": "", "external_files": [], "external_methods": [], "published": [], "classes": [], "methods": [], "calls": [], "search-terms": [], "state": 2, "file_id": 6, "knowledge_revision": 20, "git_revision": "822b6c6ae20d36277b0bf103477352c81cb7bf35", "hash": "22f9e17cc1848b56dbb244518ac2707e", "format-version": 4, "code-base-name": "quiz_app_frontend", "filename": "quiz_app_frontend/src/App.css", "revision_history": [{"20": "822b6c6ae20d36277b0bf103477352c81cb7bf35"}]}