{"is_source_file": true, "format": "JavaScript (React JSX)", "description": "This file defines the main React component App for a frontend application. It manages a theme state ('light' or 'dark'), provides a toggle button to switch themes, and renders UI elements including logo, instructional text, and a link. It imports React hooks, a logo image, and CSS styling.", "external_files": ["./logo.svg", "./App.css"], "external_methods": [], "published": ["App"], "classes": [], "methods": [{"name": "App()", "description": "Main React functional component managing theme state and rendering UI", "scope": "", "scopeKind": ""}, {"name": "toggleTheme", "description": "Function to toggle theme between 'light' and 'dark' states"}], "calls": ["React.useState", "React.useEffect", "document.documentElement.setAttribute", "setTheme", "toggleTheme", "prevTheme => prevTheme === 'light' ? 'dark' : 'light'"], "search-terms": ["React App component", "theme toggle button", "useState hook", "useEffect hook", "src/App.js"], "state": 2, "file_id": 11, "knowledge_revision": 24, "git_revision": "822b6c6ae20d36277b0bf103477352c81cb7bf35", "ctags": [{"_type": "tag", "name": "App", "path": "/home/kavia/workspace/code-generation/quiz-master-42075-42084/quiz_app_frontend/src/App.js", "pattern": "/^function App() {$/", "language": "JavaScript", "kind": "function", "signature": "()"}, {"_type": "tag", "name": "Switch to ${theme === 'light' ? 'dark' : 'light'} mode", "path": "/home/kavia/workspace/code-generation/quiz-master-42075-42084/quiz_app_frontend/src/App.js", "pattern": "/^          aria-label={`Switch to ${theme === 'light' ? 'dark' : 'light'} mode`}$/", "language": "JavaScript", "kind": "field", "scope": "App.aria", "scopeKind": "class"}, {"_type": "tag", "name": "toggleTheme", "path": "/home/kavia/workspace/code-generation/quiz-master-42075-42084/quiz_app_frontend/src/App.js", "pattern": "/^          onClick={toggleTheme}$/", "language": "JavaScript", "kind": "field", "scope": "App.onClick", "scopeKind": "class"}], "hash": "b55dd9e6a018e59207d8e277dffd9e11", "format-version": 4, "code-base-name": "quiz_app_frontend", "filename": "quiz_app_frontend/src/App.js", "fields": [{"name": "aria-label={`Switch to ${theme === 'light' ? 'dark' : 'light'} mode`}", "scope": "App.aria", "scopeKind": "class", "description": "unavailable"}, {"name": "onClick={toggleTheme}", "scope": "App.onClick", "scopeKind": "class", "description": "unavailable"}], "revision_history": [{"24": "822b6c6ae20d36277b0bf103477352c81cb7bf35"}]}