{"is_source_file": true, "format": "JavaScript (React)", "description": "This file serves as the entry point for a React application, initializing and rendering the main component 'App' into the DOM.", "external_files": ["./App", "./index.css"], "external_methods": ["ReactDOM.createRoot", "ReactDOM.render"], "published": [], "classes": [], "methods": ["ReactDOM.createRoot", "root.render"], "calls": ["ReactDOM.createRoot", "root.render", "document.getElementById", "<React.StrictMode>", "<App />"], "search-terms": ["index.js", "React application", "ReactDOM", "entry point", "main component", "React.StrictMode", "render"], "state": 2, "file_id": 8, "knowledge_revision": 23, "git_revision": "822b6c6ae20d36277b0bf103477352c81cb7bf35", "ctags": [{"_type": "tag", "name": "root", "path": "/home/kavia/workspace/code-generation/quiz-master-42075-42084/quiz_app_frontend/src/index.js", "pattern": "/^const root = ReactDOM.createRoot(document.getElementById('root'));$/", "language": "JavaScript", "kind": "constant"}], "hash": "9fc5841375336fc175b49f8767a11383", "format-version": 4, "code-base-name": "quiz_app_frontend", "filename": "quiz_app_frontend/src/index.js", "revision_history": [{"23": "822b6c6ae20d36277b0bf103477352c81cb7bf35"}]}