{"is_source_file": false, "format": "", "description": "", "external_files": [], "external_methods": [], "published": [], "classes": [], "methods": [], "calls": [], "search-terms": [], "state": 2, "file_id": 1, "knowledge_revision": 14, "git_revision": "822b6c6ae20d36277b0bf103477352c81cb7bf35", "hash": "d2b40d02d5f7873d8a6713bad837edd4", "format-version": 4, "code-base-name": "quiz_app_frontend", "filename": "quiz_app_frontend/public/index.html", "revision_history": [{"14": "822b6c6ae20d36277b0bf103477352c81cb7bf35"}]}