{"is_source_file": false, "format": "", "description": "", "external_files": [], "external_methods": [], "published": [], "classes": [], "methods": [], "calls": [], "search-terms": [], "state": 2, "file_id": 3, "knowledge_revision": 19, "git_revision": "822b6c6ae20d36277b0bf103477352c81cb7bf35", "hash": "be6538e7523bc2e9da0743133d784136", "format-version": 4, "code-base-name": "quiz_app_frontend", "filename": "quiz_app_frontend/eslint.config.mjs", "revision_history": [{"19": "822b6c6ae20d36277b0bf103477352c81cb7bf35"}]}