{"is_source_file": true, "format": "JavaScript", "description": "This is a test setup file for configuring jest and testing-library matchers in a frontend React project.", "external_files": ["@testing-library/jest-dom"], "external_methods": [], "published": [], "classes": [], "methods": [], "calls": ["import('@testing-library/jest-dom')"], "search-terms": ["jest-dom", "setupTests.js", "jest", "testing-library", "React", "frontend", "test configuration"], "state": 2, "file_id": 9, "knowledge_revision": 25, "git_revision": "822b6c6ae20d36277b0bf103477352c81cb7bf35", "ctags": [], "hash": "1a77571e1a8cf36018a41bcedf60db75", "format-version": 4, "code-base-name": "quiz_app_frontend", "filename": "quiz_app_frontend/src/setupTests.js", "revision_history": [{"25": "822b6c6ae20d36277b0bf103477352c81cb7bf35"}]}