{"is_source_file": false, "format": null, "description": "", "external_files": [], "external_methods": [], "published": [], "classes": [], "methods": [], "calls": [], "search-terms": [], "state": 2, "file_id": 14, "knowledge_revision": 41, "git_revision": "822b6c6ae20d36277b0bf103477352c81cb7bf35", "hash": "d9d975cebe2ec20b6c652e1e4c12ccf0", "format-version": 4, "code-base-name": "quiz_app_frontend", "filename": "quiz_app_frontend/public/manifest.json", "revision_history": [{"41": "822b6c6ae20d36277b0bf103477352c81cb7bf35"}]}