{"is_source_file": false, "format": "", "description": "", "external_files": [], "external_methods": [], "published": [], "classes": [], "methods": [], "calls": [], "search-terms": [], "state": 2, "file_id": 5, "knowledge_revision": 18, "git_revision": "822b6c6ae20d36277b0bf103477352c81cb7bf35", "hash": "ebece526bc2eadd78ddd787a76c56607", "format-version": 4, "code-base-name": "quiz_app_frontend", "filename": "quiz_app_frontend/README.md", "revision_history": [{"18": "822b6c6ae20d36277b0bf103477352c81cb7bf35"}]}