{"is_source_file": false, "format": "", "description": "", "external_files": [], "external_methods": [], "published": [], "classes": [], "methods": [], "calls": [], "search-terms": [], "state": 2, "file_id": 12, "knowledge_revision": 21, "git_revision": "1a50852770aae13688aa6bbbc0607d7c11e1e1ea", "hash": "0ab092b644b53870ff59106a4aa73646", "format-version": 4, "code-base-name": "quiz_app_frontend", "filename": "README.md", "revision_history": [{"21": "1a50852770aae13688aa6bbbc0607d7c11e1e1ea"}]}